site,sample,site_class,species,species_code,replicate,Length_cm,Number_of_tips
S10,S1,UW,Banksia ericifolia,eric,1,5.981,3
S10,S1,UW,Empodisma minus,emp,1,5.412,8
S10,S1,UW,Entolasia stricta,ento,1,4.964,4
S10,S1,UW,Gonocarpus micranthus,gono,1,7.16,3
S10,S1,UW,Lepidosperma neesii,nee,1,4.996,13
S10,S1,UW,Leptospermum squarrosum,lepto,1,6.096,9
S10,S1,UW,Plinthanthesis paradoxa,plin,1,5.372,5
S10,S1,UW,Ptilothrix deusta,pti,1,3.14,5
S10,S2,UW,Empodisma minus,emp,2,14.275,20
S10,S2,UW,Entolasia stricta,ento,2,16.115,24
S10,S2,UW,Gonocarpus micranthus,gono,2,9.91,10
S10,S2,UW,Lepidosperma neesii,nee,2,21.295,32
S10,S2,UW,Leptospermum squarrosum,lepto,2,10.004,13
S10,S2,UW,Plinthanthesis paradoxa,plin,2,9.685,17
S10,S2,UW,Ptilothrix deusta,pti,2,6.293,3
S10,S3,UW,Empodisma minus,emp,3,25.912,10
S10,S3,UW,Entolasia stricta,ento,3,7.336,15
S10,S3,UW,Gonocarpus micranthus,gono,3,11.399,12
S10,S3,UW,Lepidosperma neesii,nee,3,3.977,3
S10,S3,UW,Plinthanthesis paradoxa,plin,3,15.336,20
S10,S3,UW,Ptilothrix deusta,pti,3,8.093,1
S11,S1,UD,Banksia serrata,serr,1,14.85,16
S11,S1,UD,Caustis pentandra,caustis,1,8.225,8
S11,S1,UD,Hypoleana fastigata,hypo,3,7.125,23
S11,S1,UD,Lomandra obliqua,loma,1,3.622,2
S11,S2,UD,Banksia serrata,serr,2,3.407,4
S11,S2,UD,Caustis pentandra,caustis,2,11.028,9
S11,S2,UD,Hypoleana fastigata,hypo,1,8.952,26
S11,S2,UD,Lepidosperma concavum,conca,2,9.556,3
S11,S2,UD,Lepidosperma concavum,conca,1,14.389,20
S11,S2,UD,Lomandra obliqua,loma,2,12.86,7
S11,S3,UD,Banksia serrata,serr,3,6.862,11
S11,S3,UD,Caustis pentandra,caustis,3,8.192,4
S11,S3,UD,Hypoleana fastigata,hypo,2,3.947,13
S11,S3,UD,Lepidosperma concavum,conca,3,5.563,4
S11,S3,UD,Lomandra obliqua,loma,3,9.46,5
S12,S1,UD,Banksia serrata,serr,1,24.489,19
S12,S1,UD,Caustis pentandra,caustis,1,6.538,5
S12,S1,UD,Hypoleana fastigata,hypo,1,7.209,15
S12,S1,UD,Lepidosperma concavum,conca,1,12.065,17
S12,S1,UD,Lomandra obliqua,loma,1,6.714,9
S12,S2,UD,Banksia serrata,serr,2,10.23,10
S12,S2,UD,Caustis pentandra,caustis,2,2.875,12
S12,S2,BD,Haemodorum corymbosum,cory,2,5.89,5
S12,S2,UD,Hypoleana fastigata,hypo,2,12.153,39
S12,S2,UD,Lepidosperma concavum,conca,2,9.413,4
S12,S2,UD,Lomandra obliqua,loma,2,3.629,3
S12,S3,UD,Banksia serrata,serr,3,8.944,6
S12,S3,UD,Caustis pentandra,caustis,3,1.606,5
S12,S3,UD,Hypoleana fastigata,hypo,3,5.296,21
S12,S3,UD,Lepidosperma concavum,conca,3,7.419,5
S12,S3,UD,Lomandra obliqua,loma,3,5.069,5
S13,S1,BD,Banksia serrata,serr,1,9.955,16
S13,S1,BD,Caustis pentandra,caustis,1,9.339,15
S13,S1,BD,Haemodorum planifolium,plan,1,6.813,11
S13,S1,BD,Hypoleana fastigata,hypo,1,9.401,11
S13,S1,BD,Lepidosperma concavum,conca,1,7.104,12
S13,S1,BD,Lomandra obliqua,loma,1,24.799,21
S13,S1,BD,Plinthanthesis paradoxa,plin,1,6.59,0
S13,S2,BD,Banksia serrata,serr,2,7.947,12
S13,S2,BD,Caustis pentandra,caustis,2,6.739,10
S13,S2,BD,Hypoleana fastigata,hypo,2,8.912,10
S13,S2,BD,Lepidosperma concavum,conca,2,5.57,4
S13,S2,BD,Lomandra obliqua,loma,2,4.19,0
S13,S2,BD,Plinthanthesis paradoxa,plin,2,4.972,7
S13,S3,BD,Banksia serrata,serr,3,11.394,21
S13,S3,BD,Caustis pentandra,caustis,3,5.053,8
S13,S3,BD,Haemodorum planifolium,plan,3,7.932,11
S13,S3,BD,Hypoleana fastigata,hypo,3,6.415,14
S13,S3,BD,Lepidosperma concavum,conca,3,6.901,7
S13,S3,BD,Lomandra obliqua,loma,3,6.975,5
S14,S1,IB,Banksia ericifolia,eric,1,3.59,6
S14,S1,IB,Cyathochaeta diandra,cya,1,18.975,19
S14,S1,IB,Entolasia stricta,ento,1,11.145,18
S14,S1,IB,Gonocarpus micranthus,gono,1,6.788,5
S14,S1,IB,Gonocarpus tetragynus,tetra,1,6.116,3
S14,S1,IB,Lepidosperma neesii,nee,1,7.973,6
S14,S1,IB,Leptocarpus tenax,tenax,1,3.584,1
S14,S1,IB,Leptocarpus tenax,tenax,1,3.573,7
S14,S1,IB,Lepyrodia scariosa ,lepy,1,9.715,11
S14,S1,IB,Lomandra obliqua,loma,1,5.208,3
S14,S1,IB,Plinthanthesis paradoxa,plin,1,13.093,12
S14,S1,IB,Ptilothrix deusta,pti,1,10.974,24
S14,S2,IB,Banksia ericifolia,eric,2,4.972,5
S14,S2,IB,Cyathochaeta diandra,cya,2,9.729,14
S14,S2,IB,Entolasia stricta,ento,2,7.026,13
S14,S2,IB,Gonocarpus micranthus,gono,2,6.512,6
S14,S2,IB,Gonocarpus tetragynus,tetra,2,8.543,10
S14,S2,IB,Lepidosperma neesii,nee,2,7.215,11
S14,S2,IB,Leptocarpus tenax,tenax,2,2.774,8
S14,S2,IB,Lepyrodia scariosa ,lepy,2,5.016,9
S14,S2,IB,Lomandra obliqua,loma,2,4.241,2
S14,S2,IB,Plinthanthesis paradoxa,plin,2,5.684,11
S14,S2,IB,Ptilothrix deusta,pti,2,7.066,4
S14,S3,IB,Cyathochaeta diandra,cya,3,4.733,2
S14,S3,IB,Entolasia stricta,ento,3,3.231,4
S14,S3,IB,Gonocarpus micranthus,gono,3,5.023,3
S14,S3,IB,Lepidosperma neesii,nee,3,8.275,15
S14,S3,IB,Lepyrodia scariosa ,lepy,3,5.21,9
S14,S3,IB,Lomandra obliqua,loma,3,10.576,8
S14,S3,IB,Plinthanthesis paradoxa,plin,3,9.219,14
S14,S3,IB,Ptilothrix deusta,pti,3,14.003,23
S14,S4,IB,Lepidosperma neesii,nee,4,19.547,24
S15,S1,IU,Banksia ericifolia,eric,1,4.711,1
S15,S1,IU,Cyathochaeta diandra,cya,1,7.073,9
S15,S1,IU,Entolasia stricta,ento,1,7.177,6
S15,S1,IU,Eurychorda complanata,eury,1,9.255,4
S15,S1,IU,Leptocarpus tenax,tenax,1,2.509,3
S15,S1,IU,Lepyrodia scariosa ,lepy,1,4.331,6
S15,S1,IU,Lomandra obliqua,loma,1,7.008,4
S15,S1,IU,Plinthanthesis paradoxa,plin,1,6.419,9
S15,S1,IU,Ptilothrix deusta,pti,1,8.714,5
S15,S2,IU,Banksia ericifolia,eric,2,16.186,5
S15,S2,IU,Banksia oblongifolia,obl,2,8.991,0
S15,S2,IU,Cyathochaeta diandra,cya,2,5.926,3
S15,S2,IU,Empodisma minus,emp,2,8.963,10
S15,S2,IU,Entolasia stricta,ento,2,7.268,14
S15,S2,IU,Eurychorda complanata,eury,2,5.647,4
S15,S2,IU,Lepyrodia scariosa ,lepy,2,5.17,8
S15,S2,IU,Lomandra obliqua,loma,2,12.934,10
S15,S2,IU,Ptilothrix deusta,pti,2,4.426,1
S15,S3,IU,Banksia ericifolia,eric,3,4.806,6
S15,S3,IU,Empodisma minus,emp,3,5.568,9
S15,S3,IU,Entolasia stricta,ento,3,11.611,13
S15,S3,IU,Eurychorda complanata,eury,3,9.442,8
S15,S3,IU,Leptocarpus tenax,tenax,3,5.476,9
S15,S3,IU,Lepyrodia scariosa ,lepy,3,3.27,1
S15,S3,IU,Lomandra obliqua,loma,3,14.505,7
S15,S3,IU,Ptilothrix deusta,pti,3,5.502,5
S16,S1,IU,Banksia ericifolia,eric,1,6.996,6
S16,S1,IU,Banksia oblongifolia,obl,1,8.146,6
S16,S1,IU,Cyathochaeta diandra,cya,1,14.472,12
S16,S1,IU,Entolasia stricta,ento,1,10.145,12
S16,S1,IU,Eurychorda complanata,eury,1,7.495,2
S16,S1,IU,Gonocarpus tetragynus,tetra,1,3.489,0
S16,S1,IU,Leptocarpus tenax,tenax,1,7.753,23
S16,S1,IU,Leptospermum squarrosum,lepto,1,28.122,21
S16,S1,IU,Lepyrodia scariosa ,lepy,1,3.236,0
S16,S1,IU,Plinthanthesis paradoxa,plin,1,16.675,21
S16,S1,IU,Ptilothrix deusta,pti,1,13.936,31
S16,S1,IU,Xyris bracteata,xyr,1,4.223,3
S16,S2,IU,Banksia ericifolia,eric,2,10.313,11
S16,S2,IU,Cyathochaeta diandra,cya,2,16.177,28
S16,S2,IU,Entolasia stricta,ento,2,15.363,24
S16,S2,IU,Eurychorda complanata,eury,2,4.954,10
S16,S2,IU,Gonocarpus tetragynus,tetra,2,6.704,5
S16,S2,IU,Leptocarpus tenax,tenax,2,10.663,8
S16,S2,IU,Lepyrodia scariosa ,lepy,2,9.845,16
S16,S2,IU,Ptilothrix deusta,pti,2,10.453,12
S16,S2,IU,Xyris bracteata,xyr,2,7.74,3
S16,S3,IU,Banksia ericifolia,eric,3,2.521,4
S16,S3,IU,Cyathochaeta diandra,cya,3,11.224,15
S16,S3,IU,Entolasia stricta,ento,3,9.701,8
S16,S3,IU,Eurychorda complanata,eury,3,7.337,2
S16,S3,IU,Gonocarpus tetragynus,tetra,3,6.729,2
S16,S3,IU,Leptocarpus tenax,tenax,3,5.011,19
S16,S3,IU,Lepyrodia scariosa ,lepy,3,7.967,25
S16,S3,IU,Ptilothrix deusta,pti,3,7.896,2
S16,S3,IU,Xyris bracteata,xyr,3,12.104,4
S17,S1,IU,Banksia ericifolia,eric,1,8.936,7
S17,S1,IU,Cyathochaeta diandra,cya,1,4.475,12
S17,S1,IU,Empodisma minus,emp,1,7.878,11
S17,S1,IU,Entolasia stricta,ento,1,5.432,5
S17,S1,IU,Eurychorda complanata,eury,1,9.886,15
S17,S1,IU,Gonocarpus tetragynus,tetra,1,4.071,2
S17,S1,IU,Lepidosperma neesii,nee,1,17.812,14
S17,S1,IU,Leptocarpus tenax,tenax,1,10.157,25
S17,S1,IU,Lepyrodia scariosa ,lepy,1,9.032,9
S17,S1,IU,Plinthanthesis paradoxa,plin,1,19.992,19
S17,S1,IU,Ptilothrix deusta,pti,1,11.2,25
S17,S2,IU,Cyathochaeta diandra,cya,2,9.352,15
S17,S2,IU,Empodisma minus,emp,2,14.65,17
S17,S2,IU,Eurychorda complanata,eury,2,12.098,12
S17,S2,IU,Gonocarpus tetragynus,tetra,2,7.115,2
S17,S2,IU,Lepidosperma neesii,nee,2,10.292,8
S17,S2,IU,Leptocarpus tenax,tenax,2,5.839,19
S17,S2,IU,Lepyrodia scariosa ,lepy,2,5.542,10
S17,S2,IU,Ptilothrix deusta,pti,2,14.939,12
S17,S3,IU,Cyathochaeta diandra,cya,3,6.207,5
S17,S3,IU,Empodisma minus,emp,3,20.744,16
S17,S3,IU,Eurychorda complanata,eury,3,4.478,1
S17,S3,IU,Gonocarpus tetragynus,tetra,3,6.559,4
S17,S3,IU,Lepidosperma neesii,nee,3,6.64,5
S17,S3,IU,Leptocarpus tenax,tenax,3,9.206,9
S17,S3,IU,Lepyrodia scariosa ,lepy,3,10.815,21
S17,S3,IU,Ptilothrix deusta,pti,3,18.042,39
S18,S1,IB,Banksia ericifolia,eric,1,4.715,11
S18,S1,IB,Banksia ericifolia,eric,1,5.846,3
S18,S1,IB,Banksia oblongifolia,obl,1,8.536,5
S18,S1,IB,Cyathochaeta diandra,cya,1,9.566,11
S18,S1,IB,Empodisma minus,emp,1,12.339,12
S18,S1,IB,Entolasia stricta,ento,1,3.932,9
S18,S1,IB,Eurychorda complanata,eury,1,7.266,19
S18,S1,IB,Gonocarpus micranthus,gono,1,4.866,7
S18,S1,IB,Gonocarpus tetragynus,tetra,1,3.728,4
S18,S1,IB,Leptocarpus tenax,tenax,1,2.877,6
S18,S1,IB,Leptospermum squarrosum,lepto,1,4.262,10
S18,S1,IB,Lepyrodia scariosa ,lepy,1,5.597,15
S18,S1,IB,Lomandra obliqua,loma,1,3.934,12
S18,S1,IB,Plinthanthesis paradoxa,plin,1,9.893,10
S18,S1,IB,Ptilothrix deusta,pti,1,6.17,4
S18,S2,IB,Banksia ericifolia,eric,2,5.298,8
S18,S2,IB,Banksia oblongifolia,obl,2,15.093,35
S18,S2,IB,Cyathochaeta diandra,cya,2,8.364,11
S18,S2,IB,Empodisma minus,emp,2,10.408,21
S18,S2,IB,Entolasia stricta,ento,2,10.721,9
S18,S2,IB,Eurychorda complanata,eury,2,3.849,9
S18,S2,IB,Gonocarpus micranthus,gono,2,5.147,4
S18,S2,IB,Gonocarpus tetragynus,tetra,2,7.754,6
S18,S2,IB,Lepidosperma neesii,nee,2,8.414,3
S18,S2,IB,Leptocarpus tenax,tenax,2,4.857,14
S18,S2,IB,Leptospermum squarrosum,lepto,2,3.074,4
S18,S2,IB,Lepyrodia scariosa ,lepy,2,2.868,1
S18,S2,IB,Plinthanthesis paradoxa,plin,2,6.865,7
S18,S2,IB,Ptilothrix deusta,pti,2,5.566,1
S18,S3,IB,Banksia ericifolia,eric,3,15.152,24
S18,S3,IB,Banksia oblongifolia,obl,3,5.65,7
S18,S3,IB,Cyathochaeta diandra,cya,3,12.683,13
S18,S3,IB,Empodisma minus,emp,3,2.231,5
S18,S3,IB,Entolasia stricta,ento,3,9.3,10
S18,S3,IB,Eurychorda complanata,eury,3,5.245,11
S18,S3,IB,Gonocarpus micranthus,gono,3,2.812,2
S18,S3,IB,Gonocarpus tetragynus,tetra,3,5.43,9
S18,S3,IB,Lepidosperma neesii,nee,3,9.885,12
S18,S3,IB,Leptocarpus tenax,tenax,3,6.421,8
S18,S3,IB,Lepyrodia scariosa ,lepy,3,11.203,19
S18,S3,IB,Plinthanthesis paradoxa,plin,3,3.244,3
S18,S3,IB,Ptilothrix deusta,pti,3,3.708,3
S19,S1,IU,Cyathochaeta diandra,cya,1,8.057,0
S19,S1,IU,Empodisma minus,emp,1,12.385,22
S19,S1,IU,Entolasia stricta,ento,1,6.694,13
S19,S1,IU,Eurychorda complanata,eury,1,8.727,18
S19,S1,IU,Gonocarpus micranthus,gono,1,3.996,5
S19,S1,IU,Gonocarpus tetragynus,tetra,1,2.214,1
S19,S1,IU,Lepidosperma neesii,nee,1,14.173,20
S19,S1,IU,Leptocarpus tenax,tenax,1,4.614,11
S19,S1,IU,Leptospermum squarrosum,lepto,1,7.606,14
S19,S1,IU,Lepyrodia scariosa ,lepy,1,3.61,11
S19,S1,IU,Plinthanthesis paradoxa,plin,1,6.015,4
S19,S1,IU,Ptilothrix deusta,pti,1,4.699,3
S19,S1,IU,Xyris bracteata,xyr,1,4.088,0
S19,S2,IU,Cyathochaeta diandra,cya,2,4.774,5
S19,S2,IU,Empodisma minus,emp,2,5.206,8
S19,S2,IU,Entolasia stricta,ento,2,6.939,9
S19,S2,IU,Eurychorda complanata,eury,2,3.243,5
S19,S2,IU,Gonocarpus tetragynus,tetra,2,3.319,7
S19,S2,IU,Lepidosperma neesii,nee,2,16.121,14
S19,S2,IU,Leptocarpus tenax,tenax,2,5.786,21
S19,S2,IU,Leptospermum squarrosum,lepto,2,6.338,10
S19,S2,IU,Lepyrodia scariosa ,lepy,2,3.559,9
S19,S2,IU,Plinthanthesis paradoxa,plin,2,10.824,16
S19,S2,IU,Ptilothrix deusta,pti,2,5.318,9
S19,S3,IU,Cyathochaeta diandra,cya,3,12.445,16
S19,S3,IU,Empodisma minus,emp,3,5.057,3
S19,S3,IU,Entolasia stricta,ento,3,9.46,13
S19,S3,IU,Eurychorda complanata,eury,3,8.217,12
S19,S3,IU,Gonocarpus tetragynus,tetra,3,3.857,1
S19,S3,IU,Lepidosperma neesii,nee,3,3.326,19
S19,S3,IU,Leptocarpus tenax,tenax,3,5.655,23
S19,S3,IU,Leptospermum squarrosum,lepto,3,3.424,7
S19,S3,IU,Lepyrodia scariosa ,lepy,3,8.586,7
S19,S3,IU,Plinthanthesis paradoxa,plin,3,9.201,5
S19,S3,IU,Ptilothrix deusta,pti,3,5.787,7
S20,S1,IB,Banksia ericifolia,eric,1,5.381,7
S20,S1,IB,Cyathochaeta diandra,cya,1,3.367,3
S20,S1,IB,Empodisma minus,emp,1,2.834,4
S20,S1,IB,Entolasia stricta,ento,1,2.039,9
S20,S1,IB,Entolasia stricta,ento,2,3.585,5
S20,S1,IB,Entolasia stricta,ento,3,2.865,7
S20,S1,IB,Entolasia stricta,ento,4,3.287,3
S20,S1,IB,Eurychorda complanata,eury,1,3.699,10
S20,S1,IB,Gonocarpus micranthus,gono,1,3.983,6
S20,S1,IB,Gonocarpus tetragynus,tetra,1,1.627,3
S20,S1,IB,Leptocarpus tenax,tenax,1,2.054,12
S20,S1,IB,Leptospermum squarrosum,lepto,1,4.464,5
S20,S1,IB,Lepyrodia scariosa ,lepy,1,7.549,11
S20,S1,IB,Plinthanthesis paradoxa,plin,1,4.285,8
S20,S1,IB,Plinthanthesis paradoxa,plin,1,3.293,8
S20,S1,IB,Ptilothrix deusta,pti,1,2.9911,3
S20,S2,IB,Banksia ericifolia,eric,2,5.055,9
S20,S2,IB,Cyathochaeta diandra,cya,2,9.672,22
S20,S2,IB,Empodisma minus,emp,2,5.156,12
S20,S2,IB,Eurychorda complanata,eury,2,3.058,1
S20,S2,IB,Gonocarpus micranthus,gono,2,3.76,2
S20,S2,IB,Gonocarpus tetragynus,tetra,2,2.341,6
S20,S2,IB,Lepidosperma neesii,nee,2,8.007,18
S20,S2,IB,Leptocarpus tenax,tenax,2,1.64,10
S20,S2,IB,Leptospermum squarrosum,lepto,2,3.181,8
S20,S2,IB,Lepyrodia scariosa ,lepy,2,4.098,5
S20,S2,IB,Ptilothrix deusta,pti,2,5.34,8
S20,S3,IB,Banksia ericifolia,eric,3,2.516,6
S20,S3,IB,Cyathochaeta diandra,cya,3,6.593,11
S20,S3,IB,Empodisma minus,emp,3,6.435,6
S20,S3,IB,Eurychorda complanata,eury,3,4.271,3
S20,S3,IB,Lepidosperma neesii,nee,3,4.001,5
S20,S3,IB,Leptocarpus tenax,tenax,3,3.585,11
S20,S3,IB,Lepyrodia scariosa ,lepy,3,5.248,7
S20,S3,IB,Plinthanthesis paradoxa,plin,3,4.679,13
S20,S3,IB,Ptilothrix deusta,pti,3,1.239,12
S3,S1,IB,Banksia ericifolia,eric,1,5.114,11
S3,S1,IB,Cyathochaeta diandra,cya,1,5.572,2
S3,S1,IB,Entolasia stricta,ento,1,27.003,14
S3,S1,IB,Gonocarpus micranthus,gono,1,26.867,11
S3,S1,IB,Gonocarpus tetragynus,tetra,1,22.273,14
S3,S1,IB,Lepidosperma neesii,nee,1,15.496,11
S3,S1,IB,Leptocarpus tenax,tenax,1,13.84,22
S3,S1,IB,Leptospermum squarrosum,lepto,1,7.76,6
S3,S1,IB,Lepyrodia scariosa ,lepy,1,11.215,15
S3,S1,IB,Plinthanthesis paradoxa,plin,1,18.656,19
S3,S1,IB,Ptilothrix deusta,pti,1,7.044,9
S3,S2,IB,Banksia ericifolia,eric,2,7.935,7
S3,S2,IB,Cyathochaeta diandra,cya,2,3.645,5
S3,S2,IB,Entolasia stricta,ento,2,14.595,16
S3,S2,IB,Gonocarpus micranthus,gono,2,15.625,9
S3,S2,IB,Gonocarpus tetragynus,tetra,2,19.981,12
S3,S2,IB,Lepidosperma neesii,nee,2,7.943,11
S3,S2,IB,Leptocarpus tenax,tenax,2,7.478,17
S3,S2,IB,Leptospermum squarrosum,lepto,2,10.138,11
S3,S2,IB,Lepyrodia scariosa ,lepy,2,6.155,8
S3,S2,IB,Plinthanthesis paradoxa,plin,2,22.666,13
S3,S2,IB,Ptilothrix deusta,pti,2,9.687,13
S3,S3,IB,Banksia ericifolia,eric,3,5.679,2
S3,S3,IB,Cyathochaeta diandra,cya,3,6.392,6
S3,S3,IB,Entolasia stricta,ento,3,13.351,15
S3,S3,IB,Gonocarpus micranthus,gono,3,14.794,7
S3,S3,IB,Gonocarpus tetragynus,tetra,3,10.444,6
S3,S3,IB,Lepidosperma neesii,nee,3,4.34,9
S3,S3,IB,Leptocarpus tenax,tenax,3,6.345,8
S3,S3,IB,Leptospermum squarrosum,lepto,3,10.508,8
S3,S3,IB,Lepyrodia scariosa ,lepy,3,15.183,16
S3,S3,IB,Plinthanthesis paradoxa,plin,3,19.601,6
S3,S3,IB,Ptilothrix deusta,pti,3,16.547,14
S4,S1,IB,Banksia ericifolia,eric,1,4.569,1
S4,S1,IB,Banksia oblongifolia,obl,1,7.066,6
S4,S1,IB,Cyathochaeta diandra,cya,1,5.83,1
S4,S1,IB,Entolasia stricta,ento,1,12.54,11
S4,S1,IB,Gonocarpus tetragynus,tetra,1,3.085,6
S4,S1,IB,Lepidosperma neesii,nee,1,9.394,11
S4,S1,IB,Leptocarpus tenax,tenax,1,7.87,3
S4,S1,IB,Leptospermum squarrosum,lepto,1,8.877,3
S4,S1,IB,Lepyrodia scariosa ,lepy,1,5.748,8
S4,S1,IB,Lomandra obliqua,loma,1,5.795,5
S4,S1,IB,Plinthanthesis paradoxa,plin,1,7.199,5
S4,S1,IB,Ptilothrix deusta,pti,1,9.01,3
S4,S1,IB,Xyris bracteata,xyris,1,10.474,1
S4,S2,IB,Banksia ericifolia,eric,2,3.391,8
S4,S2,IB,Banksia oblongifolia,obl,2,10.68,8
S4,S2,IB,Cyathochaeta diandra,cya,2,8.996,4
S4,S2,IB,Entolasia stricta,ento,2,10.066,8
S4,S2,IB,Gonocarpus tetragynus,tetra,2,7.824,9
S4,S2,IB,Lepidosperma neesii,nee,2,9.495,7
S4,S2,IB,Leptocarpus tenax,tenax,2,3.445,3
S4,S2,IB,Leptospermum squarrosum,lepto,2,3.958,3
S4,S2,IB,Lepyrodia scariosa ,lepy,2,7.147,6
S4,S2,IB,Lomandra obliqua,loma,2,8.361,1
S4,S2,IB,Ptilothrix deusta,pti,2,19.046,22
S4,S2,IB,Xyris bracteata,xyris,2,11.666,6
S4,S3,IB,Banksia ericifolia,eric,3,2.296,1
S4,S3,IB,Cyathochaeta diandra,cya,3,6.862,3
S4,S3,IB,Entolasia stricta,ento,3,6.758,4
S4,S3,IB,Gonocarpus tetragynus,tetra,3,6.505,15
S4,S3,IB,Lepidosperma neesii,nee,3,2.275,0
S4,S3,IB,Leptocarpus tenax,tenax,3,9.456,16
S4,S3,IB,Leptospermum squarrosum,lepto,3,6.697,12
S4,S3,IB,Lepyrodia scariosa ,lepy,3,4.495,10
S4,S3,IB,Lomandra obliqua,loma,3,6.599,9
S4,S3,IB,Ptilothrix deusta,pti,3,3.928,5
S4,S3,IB,Xyris bracteata,xyris,3,7.971,2
S5,S1,IB,Banksia ericifolia,eric,1,13.375,27
S5,S1,IB,Cyathochaeta diandra,cya,1,9.584,6
S5,S1,IB,Entolasia stricta,ento,1,9.381,17
S5,S1,IB,Eurychorda complanata,eury,1,7.084,7
S5,S1,IB,Gonocarpus micranthus,gono,1,11.228,5
S5,S1,IB,Gonocarpus tetragynus,tetra,1,8.023,7
S5,S1,IB,Haemodorum corymbosum,cory,1,5.407,15
S5,S1,IB,Lepidosperma neesii,nee,1,10.589,22
S5,S1,IB,Leptocarpus tenax,tenax,1,11.46,12
S5,S1,IB,Leptospermum squarrosum,lepto,1,12.173,17
S5,S1,IB,Lepyrodia scariosa ,lepy,1,9.703,15
S5,S1,IB,Plinthanthesis paradoxa,plin,1,15.802,31
S5,S1,IB,Ptilothrix deusta,pti,1,5.489,2
S5,S2,IB,Banksia ericifolia,eric,2,3.746,6
S5,S2,IB,Cyathochaeta diandra,cya,2,13.433,6
S5,S2,IB,Entolasia stricta,ento,2,18.71,15
S5,S2,IB,Eurychorda complanata,eury,2,8.466,8
S5,S2,IB,Gonocarpus micranthus,gono,2,10.438,5
S5,S2,IB,Gonocarpus tetragynus,tetra,2,10.492,8
S5,S2,IB,Haemodorum corymbosum,cory,2,17.182,29
S5,S2,IB,Lepidosperma neesii,nee,2,15.983,9
S5,S2,IB,Leptocarpus tenax,tenax,2,6.45,16
S5,S2,IB,Leptospermum squarrosum,lepto,2,4.001,5
S5,S2,IB,Lepyrodia scariosa ,lepy,2,7.236,16
S5,S2,IB,Plinthanthesis paradoxa,plin,2,13.724,9
S5,S2,IB,Ptilothrix deusta,pti,2,12.534,10
S5,S3,IB,Banksia ericifolia,eric,3,14.186,16
S5,S3,IB,Cyathochaeta diandra,cya,3,4.032,8
S5,S3,IB,Entolasia stricta,ento,3,16.222,12
S5,S3,IB,Eurychorda complanata,eury,3,6.509,10
S5,S3,IB,Gonocarpus micranthus,gono,3,9.269,8
S5,S3,IB,Gonocarpus tetragynus,tetra,3,11.233,8
S5,S3,IB,Haemodorum corymbosum,cory,3,6.78,16
S5,S3,IB,Lepidosperma neesii,nee,3,4.254,10
S5,S3,IB,Leptocarpus tenax,tenax,3,9.513,6
S5,S3,IB,Leptospermum squarrosum,lepto,3,19.526,18
S5,S3,IB,Lepyrodia scariosa ,lepy,3,4.502,0
S5,S3,IB,Plinthanthesis paradoxa,plin,3,19.167,17
S5,S3,IB,Ptilothrix deusta,pti,3,17.466,22
S6,S1,BW,Banksia ericifolia,eric,1,5.414,5
S6,S1,BW,Banksia oblongifolia,obl,1,10.569,13
S6,S1,BW,Cyathochaeta diandra,cya,1,6.797,8
S6,S1,BW,Entolasia stricta,ento,1,11.392,14
S6,S1,BW,Gonocarpus micranthus,gono,1,1.902,3
S6,S1,BW,Lepidosperma neesii,nee,1,5.915,4
S6,S1,BW,Leptocarpus tenax,tenax,1,14.312,10
S6,S1,BW,Lepyrodia scariosa ,lepy,1,4.085,11
S6,S1,BW,Plinthanthesis paradoxa,plin,1,19.899,20
S6,S1,BW,Ptilothrix deusta,pti,1,8.88,9
S6,S2,BW,Banksia ericifolia,eric,2,22.412,3
S6,S2,BW,Banksia oblongifolia,obl,2,4.912,4
S6,S2,BW,Cyathochaeta diandra,cya,2,11.124,10
S6,S2,BW,Entolasia stricta,ento,2,15.985,33
S6,S2,BW,Gonocarpus micranthus,gono,2,14.829,16
S6,S2,BW,Lepidosperma neesii,nee,2,13.464,14
S6,S2,BW,Leptocarpus tenax,tenax,2,7.233,14
S6,S2,BW,Lepyrodia scariosa ,lepy,2,7.67,8
S6,S2,BW,Plinthanthesis paradoxa,plin,2,7.457,8
S6,S2,BW,Ptilothrix deusta,pti,2,6.041,12
S6,S3,BW,Banksia ericifolia,eric,3,5.075,4
S6,S3,BW,Banksia oblongifolia,obl,3,4.876,4
S6,S3,BW,Cyathochaeta diandra,cya,3,9.908,12
S6,S3,BW,Entolasia stricta,ento,3,11.388,25
S6,S3,BW,Gonocarpus micranthus,gono,3,8.848,12
S6,S3,BW,Lepidosperma neesii,nee,3,6.249,6
S6,S3,BW,Leptocarpus tenax,tenax,3,4.677,6
S6,S3,BW,Lepyrodia scariosa ,lepy,3,4.811,7
S6,S3,BW,Plinthanthesis paradoxa,plin,3,17.829,11
S6,S3,BW,Ptilothrix deusta,pti,3,5.14,0
S7,S1,BW,Banksia ericifolia,eric,1,15.679,3
S7,S1,BW,Entolasia stricta,ento,1,11.628,13
S7,S1,IB,Eurychorda complanata,eury,1,7.509,2
S7,S1,BW,Gonocarpus micranthus,gono,1,19.487,12
S7,S1,BW,Leptospermum squarrosum,lepto,1,17.613,21
S7,S1,BW,Plinthanthesis paradoxa,plin,1,10.461,8
S7,S2,BW,Banksia ericifolia,eric,2,11.733,15
S7,S2,BW,Entolasia stricta,ento,2,4.793,11
S7,S2,IB,Eurychorda complanata,eury,2,8.095,24
S7,S2,BW,Gonocarpus micranthus,gono,2,35.607,18
S7,S2,BW,Leptospermum squarrosum,lepto,2,17.218,13
S7,S2,BW,Plinthanthesis paradoxa,plin,2,11.821,3
S7,S3,BW,Banksia ericifolia,eric,3,18.768,9
S7,S3,BW,Entolasia stricta,ento,3,21.61,14
S7,S3,IB,Eurychorda complanata,eury,3,20.403,5
S7,S3,BW,Gonocarpus micranthus,gono,3,27.911,13
S7,S3,BW,Leptospermum squarrosum,lepto,3,18.375,14
S7,S3,BW,Plinthanthesis paradoxa,plin,3,14.346,7
S8,S1,BD,Banksia serrata,serr,1,6.243,13
S8,S1,IB,Caustis pentandra,caustis,1,17.46,14
S8,S1,BD,Entolasia stricta,ento,1,12.305,20
S8,S1,IB,Haemodorum planifolium,plan,1,4.275,6
S8,S1,IB,Hypoleana fastigata,hypo,1,7.701,13
S8,S1,IB,Lepidosperma concavum,conca,1,8.58,15
S8,S1,IB,Lomandra obliqua,loma,1,14.711,9
S8,S1,BD,Plinthanthesis paradoxa,plin,1,10.704,2
S8,S2,BD,Banksia serrata,serr,2,5.016,3
S8,S2,IB,Haemodorum planifolium,plan,2,9.796,9
S8,S2,IB,Hypoleana fastigata,hypo,2,7.962,1
S8,S2,IB,Lepidosperma concavum,conca,2,3.44,0
S8,S2,IB,Lomandra obliqua,loma,2,6.081,3
S8,S2,BD,Plinthanthesis paradoxa,plin,2,16.361,24
S8,S3,BD,Banksia serrata,serr,3,6.008,3
S8,S3,IB,Haemodorum planifolium,plan,3,7.411,6
S8,S3,IB,Hypoleana fastigata,hypo,3,8.335,12
S8,S3,IB,Lomandra obliqua,loma,3,8.919,3
S8,S3,BD,Plinthanthesis paradoxa,plin,3,15.106,6
S9,S1,UW,Banksia ericifolia,eric,1,4.703,5
S9,S1,UW,Cyathochaeta diandra,cya,1,11.954,10
S9,S1,UW,Entolasia stricta,ento,1,2.897,6
S9,S1,UW,Lepidosperma neesii,nee,1,5.06,1
S9,S1,UW,Lepyrodia scariosa ,lepy,1,7.077,9
S9,S1,UW,Ptilothrix deusta,pti,1,8.023,4
S9,S1,UW,Xyris bracteata,xyr,1,18.363,10
S9,S2,UW,Cyathochaeta diandra,cya,2,4.568,2
S9,S2,UW,Entolasia stricta,ento,2,10.689,16
S9,S2,UW,Lepidosperma neesii,nee,2,8.666,12
S9,S2,UW,Lepyrodia scariosa ,lepy,2,6.381,15
S9,S2,UW,Xyris bracteata,xyr,2,5.95,3
S9,S3,UW,Cyathochaeta diandra,cya,3,7.581,7
S9,S3,UW,Lepidosperma neesii,nee,3,8.55,5
S9,S3,UW,Lepyrodia scariosa ,lepy,3,5.827,5